token_1,ws,token_2,count
Comment,1_NL,Comment,3282
Comment,1_NL,package,492
package,1_SP,Identifier,2083
Identifier,0_SP,.,135330
.,0_SP,Identifier,146617
Identifier,0_SP,;,28148
;,1_NL,EOF,4
;,2_NL,import,2961
import,1_SP,Identifier,15630
;,1_NL,import,13795
;,2_NL,Comment,1543
Comment,1_NL,class,18
class,1_SP,Identifier,1797
Identifier,1_SP,{,3321
{,1_NL_2_ID,private,225
private,1_SP,final,1451
final,1_SP,Identifier,3785
Identifier,1_SP,Identifier,28188
;,1_NL,private,1566
private,1_SP,char,5
char,1_SP,Identifier,67
private,1_SP,static,946
static,1_SP,final,1144
final,1_SP,char,11
Identifier,1_SP,=,18381
=,1_SP,HexInteger,42
HexInteger,0_SP,;,96
;,2_SP,Comment,4
Comment,2_NL,Identifier,61
Identifier,0_SP,(,80351
(,0_SP,Identifier,42600
Identifier,0_SP,),31831
),1_SP,{,11900
{,1_NL_2_ID,this,301
this,0_SP,.,3563
=,1_SP,Identifier,11097
;,1_NL,Identifier,10000
(,0_SP,),31193
),0_SP,;,38576
;,1_NL_2_DD,},5959
},2_NL,Comment,1555
Comment,1_NL,Identifier,1563
{,1_NL_2_ID,Comment,463
Comment,1_NL,if,245
if,1_SP,(,6385
Identifier,1_SP,==,1823
==,1_SP,Identifier,573
{,1_NL_2_ID,return,1224
return,1_SP,Null,378
Null,0_SP,;,831
},1_NL,Comment,127
;,1_NL,if,1848
},1_NL,if,420
==,1_SP,String,158
String,1_SP,||,46
||,1_SP,Identifier,512
String,0_SP,),7698
;,1_NL,return,1348
return,1_SP,String,545
String,0_SP,;,1482
(,0_SP,!,764
!,0_SP,Identifier,981
),0_SP,),12827
},1_NL_2_DD,},1768
Comment,1_NL,return,119
return,1_SP,Identifier,7307
},1_NL,char,3
},2_NL,private,1221
static,1_SP,boolean,109
boolean,1_SP,Identifier,1809
(,0_SP,int,1097
int,1_SP,Identifier,3400
String,1_SP,<=,1
<=,1_SP,Identifier,33
Identifier,1_SP,&&,271
&&,1_SP,Identifier,690
Identifier,1_SP,<=,107
<=,1_SP,String,37
Comment,1_NL,private,342
private,1_SP,Identifier,1162
{,1_NL_2_ID,Identifier,3353
=,1_SP,new,3549
new,1_SP,Identifier,7877
;,1_NL,while,99
while,1_SP,(,215
},1_NL,return,620
private,1_SP,void,446
void,1_SP,Identifier,4788
{,1_NL_2_ID,boolean,28
=,1_SP,Boolean,434
Boolean,0_SP,;,1025
),1_SP,||,194
||,1_SP,(,63
&&,1_SP,(,80
=,1_SP,(,668
{,1_NL_2_ID,while,27
(,0_SP,Boolean,478
Boolean,0_SP,),655
{,1_NL_2_ID,if,660
;,1_NL,continue,53
continue,0_SP,;,167
Identifier,1_SP,!=,1499
!=,1_SP,String,34
return,0_SP,;,305
},1_NL,Identifier,706
;,1_NL,switch,21
switch,1_SP,(,160
{,1_NL_2_ID,case,34
case,1_SP,String,222
String,0_SP,:,222
:,1_NL_2_ID,Identifier,73
;,1_NL,break,274
break,0_SP,;,399
;,1_NL_2_DD,case,54
;,1_NL_4_DD,},12244
Comment,1_NL_2_DD,},183
String,1_SP,&&,61
!=,1_SP,Identifier,240
{,1_NL_2_ID,switch,11
case,1_SP,Identifier,523
Identifier,0_SP,:,531
:,1_NL_2_ID,return,18
},1_NL,break,67
;,1_NL_2_DD,default,22
default,0_SP,:,145
{,1_NL_2_ID,char,14
},1_NL,try,46
try,1_SP,{,609
{,1_NL_2_ID,int,144
Identifier,1_SP,<,540
<,1_SP,DecimalInteger,108
DecimalInteger,0_SP,),3130
},1_SP,else,871
else,1_SP,{,602
(,0_SP,char,35
char,0_SP,),16
),1_SP,Identifier,1608
},1_SP,catch,619
catch,1_SP,(,922
},1_NL,EOF,1995
Comment,1_NL,public,1356
public,1_SP,class,1073
Identifier,1_SP,extends,1307
extends,1_SP,Identifier,1896
{,1_NL_2_ID,public,46
public,1_SP,void,2723
=,1_SP,String,1013
String,1_NL_4_ID,+,90
+,1_SP,String,1941
String,1_NL,+,522
;,1_NL_4_DD,Identifier,504
(,0_SP,new,1335
(,0_SP,(,797
),1_SP,!=,421
!=,1_SP,Null,1392
Null,0_SP,),2711
(,0_SP,String,9163
),0_SP,.,6738
),1_SP,>,158
>,1_SP,DecimalInteger,284
String,1_SP,+,2016
+,1_SP,Identifier,2270
Identifier,0_SP,",",19277
",",1_SP,Identifier,17529
Comment,1_NL,Annotation,213
Annotation,0_SP,Identifier,7052
(,0_SP,{,13
{,1_SP,String,4
String,0_SP,",",4012
",",1_SP,String,2073
String,1_SP,},3
},0_SP,),419
),1_NL,public,427
Identifier,1_SP,+,1383
;,2_NL_4_DD,Comment,58
Identifier,0_SP,<,10490
<,0_SP,Identifier,8559
Identifier,0_SP,>,8365
>,1_SP,Identifier,8669
;,2_NL,Annotation,455
Identifier,1_NL,public,3976
public,1_SP,Identifier,6204
.,0_SP,class,2468
class,0_SP,.,140
},2_NL,Annotation,5418
public,1_SP,boolean,477
<,0_SP,?,1008
?,1_SP,extends,575
{,1_NL_2_ID,try,154
return,1_SP,Boolean,600
private,1_SP,boolean,163
},2_NL,return,346
",",1_NL_4_ID,Identifier,356
{,2_NL_2_DD,Identifier,2
class,0_SP,),849
;,2_NL,Identifier,5072
;,2_NL,for,246
for,1_SP,(,1194
Identifier,1_SP,:,906
:,1_SP,Identifier,1108
;,2_NL,if,745
),1_SP,+,556
},2_NL,Identifier,747
;,1_NL,try,244
>,0_SP,(,1334
{,2_NL_2_ID,Identifier,5
==,1_SP,Null,1267
Null,1_SP,||,180
||,1_SP,!,53
;,2_NL,return,662
),0_SP,",",3994
Identifier,1_SP,instanceof,493
instanceof,1_SP,Identifier,548
{,2_NL_2_ID,Comment,14
",",1_SP,?,123
=,1_NL_4_ID,Identifier,96
return,1_SP,(,247
;,1_NL,for,494
public,1_SP,abstract,122
abstract,1_SP,class,71
{,1_NL_2_ID,abstract,4
abstract,1_SP,int,4
;,1_NL,abstract,4
abstract,1_SP,Identifier,52
abstract,1_SP,boolean,4
abstract,1_SP,void,29
;,1_NL,void,6
{,0_SP,},36
},1_NL,int,20
return,1_SP,DecimalInteger,86
DecimalInteger,0_SP,;,1302
Comment,1_NL,abstract,5
{,1_NL_2_ID,Annotation,288
Identifier,1_SP,boolean,3
},2_NL,public,3361
?,0_SP,>,528
Identifier,0_SP,...,234
...,1_SP,Identifier,237
),1_NL_4_ID,throws,62
throws,1_SP,Identifier,2463
{,1_NL_2_DD,Identifier,128
),1_SP,throws,2389
class,0_SP,",",679
),1_NL,Annotation,63
public,1_SP,Annotation,29
Annotation,0_SP,interface,29
interface,1_SP,Identifier,596
Comment,1_NL,boolean,50
),1_SP,default,15
default,1_SP,Boolean,4
),1_NL,final,21
final,1_SP,class,342
Identifier,1_SP,implements,561
implements,1_SP,Identifier,583
return,1_SP,new,634
Comment,2_NL,import,3
abstract,1_SP,static,9
static,1_SP,class,193
;,2_NL,public,1581
public,1_SP,static,1415
static,1_SP,Identifier,2040
{,1_SP,},18
{,1_NL_2_ID,throw,490
throw,1_SP,new,1381
",",1_SP,DecimalInteger,1285
{,1_NL_2_ID,super,75
super,0_SP,(,598
(,1_NL_4_ID,int,8
Identifier,0_SP,[,2217
[,0_SP,],1854
],1_SP,Identifier,1148
{,1_NL_2_DD,Comment,22
),1_SP,&&,249
&&,1_SP,!,184
return,1_SP,super,46
super,0_SP,.,236
.,0_SP,<,43
>,0_SP,Identifier,43
",",1_SP,Null,589
DecimalInteger,0_SP,",",2249
(,0_SP,DecimalInteger,2218
",",1_SP,Boolean,543
Boolean,0_SP,",",419
{,1_NL_2_ID,static,22
;,2_NL,private,569
final,1_SP,boolean,105
;,1_NL,this,1525
Identifier,1_NL_4_ID,?,18
?,1_SP,new,26
),1_NL,:,67
;,1_NL_4_DD,this,20
),1_SP,Comment,61
",",1_SP,(,202
Identifier,1_SP,public,1664
;,1_NL,Comment,201
",",1_NL,Identifier,4815
",",1_NL_4_ID,String,65
;,1_NL_6_DD,},405
=,1_NL_4_ID,new,42
{,1_NL_2_DD,Annotation,2
public,1_SP,int,358
},0_SP,;,235
;,2_NL,void,499
Comment,1_NL,void,110
Comment,1_NL,int,102
=,1_SP,DecimalInteger,1025
<,1_SP,Identifier,454
;,1_NL,int,309
+,1_SP,DecimalInteger,256
Identifier,0_SP,++,498
++,0_SP,;,126
},1_NL,final,8
Identifier,1_SP,&=,1
&=,1_SP,Identifier,1
),1_SP,-,163
-,1_SP,Identifier,178
;,1_NL_4_DD,final,16
;,1_NL,final,387
private,1_SP,interface,4
private,1_SP,class,30
>,0_SP,>,515
},1_SP,finally,59
finally,1_SP,{,59
=,1_SP,Null,295
Identifier,1_NL_4_ID,implements,3
{,1_NL_2_DD,private,4
;,2_NL,final,85
{,1_NL_2_ID,void,10
",",1_SP,Annotation,35
Identifier,1_NL,Annotation,25
(,0_SP,Annotation,87
Identifier,1_SP,Annotation,27
",",1_NL_4_ID,Annotation,12
{,1_NL_2_DD,this,32
import,1_SP,static,1141
(,0_SP,final,507
),1_NL_4_ID,.,1080
;,2_NL_4_DD,Identifier,384
},2_NL,for,41
!,0_SP,String,38
String,0_SP,.,251
),1_NL_4_ID,&&,34
),1_NL,.,1437
[,0_SP,DecimalInteger,376
DecimalInteger,0_SP,],423
],0_SP,),355
),1_NL_4_ID,?,28
?,1_SP,Null,43
Null,1_SP,:,43
",",1_NL_4_DD,Identifier,6
),1_SP,?,149
?,1_SP,String,93
String,1_SP,:,85
:,1_SP,String,88
},3_NL,Identifier,11
(,0_SP,Null,717
Null,0_SP,",",482
?,1_SP,Identifier,424
),1_SP,:,317
;,2_NL_4_DD,for,19
;,1_NL_8_DD,Identifier,71
Identifier,1_NL_4_ID,:,5
;,1_NL_4_DD,for,26
static,1_SP,int,64
",",1_SP,char,5
{,1_NL_2_ID,for,91
-,1_SP,DecimalInteger,196
;,1_SP,Identifier,799
Identifier,1_SP,>=,142
>=,1_SP,DecimalInteger,62
Identifier,0_SP,--,38
--,0_SP,),13
),1_SP,==,544
return,1_SP,-,42
-,0_SP,DecimalInteger,831
},2_NL,boolean,33
(,0_SP,this,644
this,0_SP,),396
},2_NL,static,157
return,1_SP,this,433
this,0_SP,;,407
(,0_SP,boolean,233
Comment,1_NL,final,70
},3_NL,static,1
.,1_NL_4_ID,Identifier,1
==,1_SP,DecimalInteger,319
else,1_SP,if,474
;,1_NL_4_DD,return,131
;,1_NL_8_DD,return,13
",",1_NL_8_DD,Identifier,16
;,1_NL_8_DD,if,15
(,1_NL_4_ID,String,129
",",1_NL,String,521
;,2_NL_4_DD,static,4
},1_NL,for,45
++,0_SP,),350
==,1_SP,this,33
&&,1_SP,this,15
Identifier,1_NL,:,14
Identifier,1_SP,protected,45
protected,1_SP,void,326
{,1_NL_2_ID,final,90
final,1_SP,int,363
;,1_NL_4_DD,int,9
Identifier,1_SP,*,79
*,1_SP,DecimalInteger,109
),1_SP,^,6
^,1_SP,Identifier,7
^,1_SP,(,19
>,0_SP,",",45
Identifier,1_NL,protected,267
protected,1_SP,Identifier,210
},0_SP,",",242
(,1_NL_4_ID,new,94
(,1_NL_4_ID,Identifier,1655
),1_NL_4_DD,.,19
{,1_NL_2_DD,return,38
),1_NL,class,9
{,1_NL,},353
Identifier,2_SP,public,1
{,1_SP,Identifier,8
Identifier,1_SP,},7
default,1_SP,String,4
>,0_SP,[,24
default,1_SP,{,4
default,1_SP,Identifier,70
class,0_SP,;,37
{,1_NL_2_ID,interface,1
Comment,2_NL,Comment,60
(,1_NL_4_ID,Annotation,7
",",1_SP,int,480
public,1_SP,final,368
",",1_NL,Annotation,31
;,1_NL,Annotation,56
Identifier,1_NL,Identifier,35
},1_NL,Annotation,8
",",1_SP,this,115
this,0_SP,",",107
Identifier,1_SP,>,270
},1_NL,assert,1
assert,1_SP,Identifier,22
{,1_NL_2_ID,assert,24
;,1_NL,assert,8
;,1_NL,char,10
:,1_NL,case,161
:,1_NL_2_ID,throw,10
;,1_NL_8_DD,},1112
",",1_NL,int,28
{,1_NL_2_DD,assert,2
String,1_NL_4_ID,||,3
Identifier,1_SP,-,225
{,1_NL_2_DD,throw,8
;,1_SP,Comment,618
],1_SP,{,32
{,0_SP,Identifier,95
Identifier,0_SP,},58
{,1_NL_2_DD,int,4
;,2_NL_4_DD,private,32
--,0_SP,;,24
},1_NL,throw,22
;,1_NL_4_DD,private,14
private,1_SP,abstract,5
},2_NL,abstract,8
Identifier,1_NL,void,6
],1_SP,+,50
[,0_SP,Identifier,599
Identifier,0_SP,],439
],0_SP,;,272
),1_NL_4_ID,||,13
{,1_NL_2_ID,break,14
;,1_NL,boolean,159
Identifier,1_SP,?,126
],1_SP,:,21
!=,1_SP,DecimalInteger,179
>,0_SP,),118
{,1_NL_2_DD,super,12
Identifier,1_NL_4_ID,+,12
!,0_SP,(,79
;,2_NL,interface,8
",",1_SP,boolean,205
",",1_SP,new,405
>,1_SP,{,56
Comment,1_NL,static,94
?,1_SP,DecimalInteger,30
DecimalInteger,1_SP,:,35
:,1_SP,new,26
),0_SP,},103
;,1_NL_4_ID,Identifier,1
{,1_NL_2_DD,boolean,2
public,1_SP,interface,542
throw,1_SP,Identifier,173
static,1_SP,void,224
static,1_SP,abstract,3
{,1_NL_2_ID,protected,6
},1_NL,protected,1
},2_NL,void,138
;,3_NL,private,3
instanceof,2_SP,Identifier,1
),1_NL,&&,43
",",1_NL_4_ID,boolean,19
case,1_SP,DecimalInteger,63
DecimalInteger,0_SP,:,64
;,1_NL_4_DD,break,5
},1_NL,this,57
public,1_SP,synchronized,155
synchronized,1_SP,void,118
Identifier,1_SP,|=,42
|=,1_SP,Identifier,26
",",1_NL,Comment,7
;,1_NL_10_DD,},8
;,3_NL,final,2
(,1_NL_4_ID,(,18
;,1_NL_4_DD,if,229
;,3_NL,public,479
Identifier,1_NL,{,1354
{,1_NL_4_ID,Annotation,163
),1_NL,{,6870
{,1_NL_4_ID,Identifier,5565
},1_NL_4_DD,},2387
{,1_NL_4_ID,private,234
{,1_NL_4_ID,this,1123
{,1_NL_4_ID,for,171
(,0_SP,double,34
double,1_SP,Identifier,118
{,1_NL_4_ID,public,235
),1_NL_4_ID,return,439
),1_NL_4_ID,(,6
;,1_NL_4_DD,else,111
else,1_NL,{,247
{,1_NL_4_ID,if,1171
),1_NL_4_ID,Identifier,412
else,1_NL_4_ID,Identifier,41
},1_NL,else,396
Identifier,1_SP,->,1029
->,1_SP,{,254
this,0_SP,::,38
::,0_SP,Identifier,1157
),1_SP,return,442
{,1_NL_4_ID,return,4740
},2_NL_4_DD,},598
;,2_NL,protected,38
protected,1_SP,final,24
;,1_NL,protected,73
Comment,2_NL,static,4
this,0_SP,(,178
;,1_NL_4_DD,try,12
try,1_NL,{,304
},1_NL,catch,303
{,1_NL_4_ID,throw,500
",",1_SP,-,64
{,1_NL_4_ID,try,223
{,1_NL_4_ID,Comment,198
Identifier,1_SP,+=,147
+=,1_SP,String,29
;,1_NL,throw,55
},1_NL_4_DD,Comment,15
Comment,2_NL_4_ID,Comment,13
},1_NL,finally,41
finally,1_NL,{,41
Comment,2_NL_4_ID,public,19
return,1_SP,!,48
Null,1_SP,?,300
},1_NL,boolean,2
=,1_SP,!,11
:,1_SP,Null,99
Null,1_SP,==,6
instanceof,1_SP,byte,8
byte,0_SP,[,315
try,1_SP,(,41
},2_NL,protected,155
(,0_SP,byte,74
Comment,1_NL_4_DD,},56
Comment,1_NL,protected,25
protected,1_SP,boolean,16
{,1_NL_4_ID,boolean,32
Null,1_SP,&&,226
},2_NL,if,340
String,1_NL_8_ID,+,45
;,1_NL_12_DD,},230
Comment,1_NL,<,8
;,2_NL,<,20
Comment,1_NL,long,32
long,1_SP,Identifier,818
;,2_NL,int,81
;,3_NL,Comment,19
private,1_SP,volatile,108
volatile,1_SP,boolean,25
<,0_SP,>,1171
),1_NL,static,7
static,1_SP,<,54
Identifier,0_SP,::,1081
),1_NL_8_ID,.,126
;,1_NL_8_DD,boolean,1
->,1_SP,Identifier,677
},2_NL_4_DD,Comment,42
DecimalInteger,1_SP,&&,102
&&,1_NL_8_ID,Identifier,7
),1_NL_8_DD,{,41
{,1_NL_4_ID,new,46
{,1_NL_4_ID,while,24
Comment,1_NL,continue,2
},2_NL,final,43
{,1_NL_4_ID,continue,11
;,1_NL,long,96
{,1_NL_4_ID,break,6
{,1_NL_4_ID,protected,24
{,1_NL_4_ID,int,155
+,1_SP,(,114
;,2_NL_8_DD,if,12
+,1_NL_8_ID,String,36
",",1_NL_8_ID,Identifier,84
;,2_NL_16_DD,if,3
{,1_NL_4_ID,super,495
",",1_SP,long,135
+,1_NL,String,155
this,1_SP,==,64
?,1_SP,!,30
:,1_SP,DecimalInteger,103
DecimalInteger,1_SP,*,190
*,1_SP,Identifier,166
;,1_NL_8_DD,Comment,10
Comment,1_NL_8_ID,Comment,1
],0_SP,",",67
",",1_NL_8_ID,new,20
;,2_NL,boolean,60
->,1_NL_8_ID,Identifier,2
),1_NL_8_DD,),68
),1_NL,Identifier,55
;,1_NL_12_DD,Comment,6
Comment,1_NL_8_ID,},3
},3_NL,private,9
;,2_NL_4_DD,return,123
Comment,2_NL_4_DD,},3
int,0_SP,),112
},1_NL,continue,6
Comment,1_NL,for,39
),1_SP,->,191
],1_SP,=,127
(,0_SP,++,15
++,0_SP,Identifier,18
>,1_NL,{,64
{,1_NL_4_ID,void,24
Comment,2_NL_4_ID,default,1
public,1_SP,enum,69
enum,1_SP,Identifier,84
),1_NL_8_ID,{,1
;,2_NL_8_DD,private,12
",",1_NL_24_ID,Identifier,6
),1_NL_24_DD,{,10
;,2_NL,class,45
",",1_SP,final,218
{,1_NL_4_ID,final,267
=,1_SP,this,86
",",2_NL,Comment,42
),1_NL_4_ID,throw,74
),1_SP,instanceof,67
{,1_NL_4_ID,case,122
:,1_NL_4_ID,return,330
;,1_NL_4_DD,case,307
;,1_NL_4_DD,default,78
:,1_NL_4_ID,throw,38
{,1_NL_4_ID,switch,69
:,1_NL_4_ID,Identifier,198
==,1_SP,-,71
else,1_NL_4_ID,throw,9
DecimalInteger,1_SP,||,85
},1_NL,super,13
;,1_NL_8_DD,try,19
DecimalInteger,1_SP,Comment,95
Comment,0_SP,),101
),1_NL_4_ID,continue,52
{,1_NL_4_ID,do,2
do,1_NL,{,3
},1_NL,while,6
),0_SP,],99
),1_NL_8_ID,&&,17
||,1_SP,String,23
?,1_SP,(,32
protected,1_SP,abstract,14
->,1_SP,Boolean,2
;,2_NL_4_DD,},122
String,1_NL_8_ID,:,1
;,1_NL_4_DD,Comment,13
{,2_NL_4_ID,private,187
final,1_SP,long,98
;,1_NL,public,260
{,1_NL_4_ID,static,10
;,2_NL,static,56
;,2_NL,throw,8
Null,1_NL_8_ID,&&,3
+,1_SP,super,5
Comment,1_NL,EOF,87
private,1_SP,long,40
;,4_SP,Comment,2
public,1_SP,long,113
(,0_SP,long,120
private,1_SP,int,134
;,2_NL,try,135
Identifier,1_SP,|,87
|,1_SP,Identifier,97
Identifier,1_SP,||,119
],0_SP,::,36
::,0_SP,new,202
new,0_SP,),44
Comment,2_NL,private,17
Comment,1_NL,},17
],0_SP,{,123
{,0_SP,String,117
String,0_SP,},66
int,0_SP,[,82
Identifier,1_NL_8_ID,.,12
;,1_NL_16_DD,Identifier,1
{,1_NL_4_DD,Comment,7
Comment,2_NL_8_ID,Identifier,5
==,1_SP,int,3
],0_SP,.,172
==,1_SP,long,3
long,0_SP,[,9
==,1_SP,short,2
short,0_SP,[,4
(,0_SP,short,9
==,1_SP,char,1
char,0_SP,[,41
==,1_SP,byte,3
==,1_SP,float,2
float,0_SP,[,4
(,0_SP,float,30
==,1_SP,double,2
double,0_SP,[,6
;,2_NL,new,10
Comment,1_NL,{,16
",",1_NL_8_ID,String,15
",",1_SP,!,1
),1_NL_8_ID,||,15
(,1_NL_8_ID,Identifier,46
),1_NL,+,20
;,1_NL_8_DD,continue,1
;,2_NL,switch,38
;,2_NL_4_DD,case,82
:,1_NL_4_ID,final,2
;,2_NL_4_DD,default,25
Comment,1_NL_4_ID,continue,1
;,2_NL_4_DD,final,21
Comment,2_NL_4_ID,private,10
;,2_NL_8_DD,return,23
},2_NL,throw,22
Identifier,1_NL,private,24
{,1_NL_8_ID,Identifier,6
),1_NL_8_DD,},1
{,2_NL_4_ID,public,309
",",1_NL_37_ID,Identifier,5
;,2_NL_37_DD,Identifier,1
",",1_NL_17_ID,Identifier,5
;,2_NL_17_DD,Identifier,1
{,1_NL,Comment,11
",",1_NL_23_ID,Identifier,4
),1_NL_23_DD,{,2
;,2_NL,this,87
),1_SP,<,36
long,0_SP,),12
->,1_SP,!,3
;,2_NL_8_DD,Identifier,38
;,1_NL,double,30
new,1_SP,double,1
),1_SP,(,70
double,0_SP,),2
],0_SP,++,1
],1_SP,+=,2
+=,1_SP,Identifier,82
:,1_NL_4_ID,break,5
],1_SP,/=,1
/=,1_SP,Identifier,1
",",1_NL_35_ID,Identifier,2
),1_NL_35_DD,{,1
),1_SP,continue,19
class,1_NL_8_ID,:,1
",",1_NL_26_ID,Identifier,7
),1_NL_26_DD,{,1
else,1_NL_4_ID,return,7
->,1_SP,Null,2
),1_NL_8_ID,:,4
{,1_NL_4_ID,(,14
},1_SP,Comment,3
Comment,2_NL,public,14
;,2_NL_4_DD,if,77
;,2_NL_4_DD,throw,8
;,2_NL_4_DD,try,29
{,1_NL_4_ID,assert,9
final,1_SP,byte,39
new,1_SP,char,12
[,0_SP,(,4
],1_SP,==,40
Comment,1_NL_4_ID,Identifier,3
static,1_SP,byte,6
{,1_NL_4_ID,char,16
public,1_SP,<,98
Comment,3_NL,Comment,1
Comment,2_NL_4_ID,Annotation,12
->,1_NL,{,4
;,2_NL,while,42
),1_NL_4_ID,break,12
{,1_NL_8_ID,new,2
",",1_NL,new,240
",",1_NL_16_DD,Comment,2
Comment,1_NL_16_ID,new,1
Comment,1_NL_16_ID,Identifier,4
Identifier,1_NL_8_DD,},7
{,1_NL_12_DD,Comment,3
Comment,1_NL_12_ID,},2
Comment,1_NL_16_DD,Comment,1
Comment,2_NL_16_ID,return,1
Comment,1_NL_4_DD,Comment,5
Comment,1_NL_4_ID,private,3
Comment,1_NL_16_ID,return,1
(,1_NL_8_ID,final,2
",",1_NL,final,5
},2_NL,int,45
Comment,2_NL,final,3
DecimalInteger,1_SP,==,3
Comment,1_NL_4_ID,},7
),1_SP,super,15
=,1_SP,{,32
),0_SP,[,13
+,1_NL,(,7
>,1_SP,implements,19
Comment,1_NL_4_ID,return,1
:,1_SP,(,21
;,1_NL_4_DD,continue,2
),1_SP,>=,31
>=,1_SP,Identifier,66
;,2_NL_8_DD,},5
&&,1_NL_8_ID,(,2
=,1_SP,super,17
->,1_SP,(,215
),1_NL_4_ID,for,3
),1_NL_4_ID,if,21
;,2_NL_12_DD,return,2
],1_NL_8_ID,{,5
<=,1_SP,DecimalInteger,49
->,1_SP,String,8
],1_SP,&&,1
),1_SP,new,6
),1_NL,private,20
],0_SP,>,217
||,1_SP,double,1
double,0_SP,.,3
||,1_SP,float,1
float,0_SP,.,3
||,1_SP,byte,1
byte,0_SP,.,3
||,1_SP,short,1
short,0_SP,.,3
||,1_SP,int,1
int,0_SP,.,5
||,1_SP,long,1
long,0_SP,.,5
||,1_SP,boolean,1
boolean,0_SP,.,6
||,1_NL_8_ID,String,2
&&,1_NL_8_ID,!,1
||,1_NL_8_ID,Identifier,4
},3_NL,Comment,1
Comment,1_NL,switch,2
Comment,1_NL,throw,15
],0_SP,[,118
;,1_NL_5_ID,Identifier,2
),1_NL_5_DD,{,2
?,0_SP,",",10
?,1_SP,super,18
super,1_SP,Identifier,18
",",1_NL_8_ID,(,13
},0_SP,.,2
static,1_SP,enum,4
Identifier,1_NL_4_DD,},22
},3_NL,public,7
=,1_SP,-,62
;,1_NL_8_DD,private,4
{,1_NL_8_ID,String,2
String,1_NL_8_DD,},1
=,1_NL_8_ID,Identifier,8
(,1_NL_8_ID,String,22
;,2_NL_16_DD,public,1
),1_NL_4_ID,super,2
Comment,2_NL,Annotation,14
!,0_SP,super,4
private,1_SP,<,11
+,1_SP,this,17
Comment,2_NL,package,890
DecimalInteger,1_SP,?,63
),1_NL,),1
static,1_SP,long,14
),1_SP,<=,11
-,0_SP,Identifier,6
),1_NL_4_ID,try,1
},1_NL_8_DD,},4
!=,1_SP,-,89
),1_NL_4_ID,this,13
else,1_NL_4_ID,this,5
class,0_SP,::,202
static,1_NL,{,8
",",1_NL_27_ID,Annotation,2
),1_NL_27_DD,{,2
",",1_NL_28_ID,Annotation,2
),1_NL_28_DD,{,3
protected,1_SP,int,20
protected,1_SP,static,14
this,1_SP,+,15
;,1_NL_4_DD,throw,7
;,1_NL,static,74
),1_SP,this,12
),1_NL_4_DD,return,8
protected,1_SP,transient,2
transient,1_SP,Identifier,3
||,1_SP,this,1
<=,1_SP,-,1
),1_SP,*,16
DecimalInteger,1_SP,-,10
++,0_SP,],19
String,1_SP,?,5
),1_NL,||,23
DecimalInteger,1_SP,+,33
public,1_SP,byte,17
byte,1_SP,Identifier,69
public,1_SP,short,3
short,1_SP,Identifier,14
public,1_SP,float,3
float,1_SP,Identifier,35
public,1_SP,double,7
",",1_SP,byte,33
",",1_SP,short,4
",",1_SP,float,8
",",1_SP,double,12
!=,1_SP,this,7
class,1_SP,&&,6
{,2_NL,},74
return,1_SP,byte,2
",",1_NL_60_ID,Identifier,4
),1_NL_60_DD,{,4
),1_NL_16_DD,),2
>,1_SP,extends,14
{,1_SP,Comment,26
Comment,1_SP,},2
Comment,1_NL_8_ID,Identifier,1
Comment,2_NL,return,3
;,1_NL_16_DD,},4
-,1_SP,String,16
",",1_NL_22_ID,Identifier,4
),1_NL_22_DD,{,3
],1_SP,!=,13
Comment,1_NL,this,12
:,1_NL_4_ID,switch,1
:,1_NL,{,1
},1_NL,case,13
:,1_NL_4_ID,int,6
Identifier,1_SP,^,19
||,1_SP,super,1
(,0_SP,--,2
--,0_SP,Identifier,4
(,1_NL_8_ID,(,3
;,1_NL_20_DD,},5
Comment,2_NL_8_ID,try,1
),1_SP,throw,283
:,1_SP,super,7
",",1_SP,++,1
",",1_NL_15_ID,Identifier,4
;,2_NL_15_DD,void,1
",",1_NL_19_ID,Identifier,2
;,1_NL_23_DD,},1
{,2_NL_4_ID,Annotation,31
Comment,3_NL_4_ID,public,1
;,3_NL,Annotation,14
;,2_NL_8_DD,public,4
",",1_NL,(,11
:,1_NL,for,3
continue,1_SP,Identifier,3
{,2_NL_4_ID,protected,5
<,1_SP,(,3
Identifier,1_NL_8_DD,),6
},2_NL_8_DD,Comment,2
Comment,2_NL_8_ID,return,2
{,2_NL_4_ID,Identifier,247
{,2_NL_4_ID,Comment,74
Comment,2_NL_4_ID,Identifier,4
;,2_NL,default,7
default,1_SP,boolean,12
},2_NL,default,91
assert,1_SP,DecimalInteger,1
DecimalInteger,1_SP,<=,2
(,1_NL_8_ID,new,24
.,1_NL_8_ID,Identifier,5
+=,1_SP,DecimalInteger,33
;,2_NL_8_DD,Annotation,4
:,1_NL_4_ID,if,48
},3_NL_4_DD,},117
Comment,1_NL,default,49
default,1_SP,void,72
DecimalInteger,1_NL_8_ID,?,2
>,0_SP,...,2
static,1_SP,synchronized,19
else,1_SP,Comment,1
{,1_NL_4_ID,long,23
Identifier,1_NL_8_DD,{,6
;,2_NL,super,3
(,0_SP,super,3
),1_NL,boolean,2
->,1_SP,new,30
;,2_NL_8_DD,for,3
->,1_NL_8_ID,new,1
;,1_NL,else,11
),1_SP,/,38
/,1_SP,DecimalFloatingPoint,7
DecimalFloatingPoint,0_SP,),19
Comment,2_NL_4_DD,Comment,3
;,1_NL,do,3
final,1_SP,void,7
{,1_NL_8_ID,{,9
",",1_NL,{,152
},0_SP,},33
+,1_NL_16_ID,String,2
;,1_NL_16_DD,Comment,3
",",1_NL_18_ID,boolean,1
),1_NL_18_DD,{,1
final,1_SP,<,1
Identifier,1_SP,private,4
),1_NL_8_ID,+,12
&&,1_NL,!,2
+,1_NL_8_ID,Identifier,2
;,2_NL_4_DD,int,4
",",1_NL_21_ID,Identifier,2
),1_NL_21_DD,{,1
),1_NL,protected,9
protected,1_SP,char,1
},3_NL,protected,1
new,1_SP,int,36
+=,1_SP,(,5
Identifier,1_SP,-=,36
-=,1_SP,Identifier,25
{,1_NL_4_ID,--,2
public,1_SP,char,4
},2_NL,switch,10
-,1_SP,(,10
Identifier,1_SP,%,17
%,1_SP,Identifier,18
;,2_NL_4_DD,char,1
Identifier,1_NL,Comment,2
",",1_NL_24_ID,int,6
",",1_NL_19_ID,int,6
),1_NL_19_DD,{,4
Identifier,1_NL_24_DD,{,2
Identifier,1_NL_19_DD,{,2
+,1_NL_8_ID,new,1
=,1_SP,++,1
],1_SP,-,1
++,1_SP,<,1
[,0_SP,++,1
>=,1_SP,String,39
>=,1_SP,HexInteger,5
Identifier,1_NL_8_ID,||,1
<,1_SP,String,11
>,1_SP,String,9
},2_NL,try,40
.,1_NL,Identifier,5
;,2_NL_16_DD,Identifier,4
;,2_NL_16_DD,Comment,2
Comment,2_NL_16_ID,Identifier,1
--,1_SP,==,1
",",1_NL_29_ID,int,1
),1_NL_29_DD,{,4
(,1_NL_8_ID,!,1
Identifier,0_SP,Comment,1
;,1_NL_4_DD,Annotation,2
;,3_NL,import,12
private,1_SP,byte,5
+,1_SP,new,1
Comment,2_NL_4_ID,protected,3
",",1_NL,boolean,34
+,1_NL_8_ID,(,2
),1_SP,Null,25
),1_NL_4_ID,new,7
;,2_NL_8_DD,Comment,2
;,2_NL_4_DD,else,7
Comment,3_NL,Identifier,1
),1_NL_8_DD,public,1
Comment,1_NL_8_ID,return,3
static,1_SP,interface,6
{,1_NL_4_ID,{,14
),0_SP,::,2
Comment,1_NL_8_DD,Comment,3
},1_NL_16_DD,Comment,1
Comment,2_NL,protected,4
Comment,2_NL_16_ID,if,1
;,1_NL_28_DD,},1
;,1_NL,new,19
final,1_SP,double,7
*,1_SP,(,5
private,1_SP,enum,3
Comment,1_NL,new,3
},2_NL,new,2
synchronized,1_SP,Identifier,43
:,1_NL_4_ID,Comment,1
Comment,1_NL,break,6
),1_NL_4_DD,Identifier,1
Comment,1_NL_4_DD,default,1
;,2_NL_4_DD,Annotation,6
),1_SP,final,6
",",1_NL_29_ID,Identifier,5
),1_NL_37_DD,{,1
),1_NL_8_DD,.,14
Identifier,1_NL_8_ID,Identifier,1
=,1_NL_8_ID,(,1
:,1_NL_4_ID,try,4
},1_NL_4_DD,case,2
},1_NL_4_DD,default,1
(,1_NL_8_ID,Null,1
",",1_NL,Null,32
Null,1_NL_8_DD,),5
throw,1_SP,(,6
Comment,2_NL_8_ID,Comment,1
Comment,2_NL_8_ID,public,1
},1_NL_8_DD,Comment,3
Comment,1_NL_8_ID,if,1
Comment,2_NL_8_DD,Comment,1
;,2_NL,{,1
Comment,2_NL,},2
=,1_NL_8_DD,Comment,1
Comment,1_NL_16_ID,String,1
Comment,2_NL,try,2
},3_NL_4_DD,Comment,1
;,2_NL_4_DD,this,13
>=,1_SP,-,4
>,1_SP,void,24
Comment,2_NL_4_DD,final,2
Comment,2_NL_4_DD,Annotation,1
Comment,2_NL,void,1
;,1_NL_12_DD,case,1
;,1_NL_4_DD,super,1
",",1_NL_28_ID,Identifier,3
",",1_NL_62_ID,Identifier,3
),1_NL_62_DD,{,1
},1_NL_8_DD,),1
+,1_NL_16_ID,Identifier,1
?,1_NL_8_ID,Identifier,1
Comment,1_NL_4_ID,public,3
=,1_NL_8_ID,new,1
;,3_NL_8_DD,return,1
{,0_SP,{,18
;,3_NL_4_DD,final,1
>,1_SP,boolean,1
.,0_SP,new,2
",",1_NL_34_ID,Identifier,6
),1_NL_34_DD,{,2
{,2_NL_4_ID,final,5
",",1_NL_25_ID,Identifier,6
),1_NL_25_DD,{,1
protected,1_SP,<,6
:,1_SP,this,15
Identifier,1_NL_8_ID,&&,3
),1_NL_4_DD,continue,2
;,1_NL_4_DD,synchronized,3
synchronized,1_SP,(,135
;,1_NL,synchronized,44
{,1_NL_4_ID,<,1
default,1_SP,<,1
!,0_SP,this,4
else,1_SP,return,3
Identifier,1_SP,/,44
/,1_SP,DecimalInteger,36
.,0_SP,this,110
),1_NL_8_ID,throws,6
&&,1_NL,Identifier,29
",",1_NL_66_ID,Identifier,1
),1_NL_66_DD,{,1
",",1_NL_56_ID,Identifier,3
),1_NL_56_DD,{,2
",",1_NL_61_ID,Identifier,2
),1_NL_61_DD,{,1
",",1_NL_67_ID,Identifier,1
),1_NL_67_DD,{,1
",",1_NL_59_ID,Identifier,1
),1_NL_59_DD,{,1
class,1_SP,||,9
||,1_NL_8_ID,(,1
(,0_SP,DecimalFloatingPoint,21
:,1_SP,-,14
;,3_NL_8_DD,public,1
||,1_NL,Identifier,19
/,1_SP,(,19
Null,1_SP,!=,4
&&,1_SP,Null,3
||,1_NL_7_ID,Identifier,1
;,1_NL_11_DD,},1
},1_NL_8_ID,:,1
",",1_NL_31_ID,Identifier,3
),1_NL_31_DD,{,1
{,1_NL_4_ID,synchronized,7
&&,1_SP,String,5
),1_NL,default,1
Identifier,1_NL_8_ID,{,5
",",2_NL,Identifier,13
Comment,2_NL,int,1
protected,1_SP,byte,2
{,1_NL_4_ID,byte,8
{,0_SP,new,47
),1_NL_18_DD,throws,1
),0_SP,Identifier,2
Comment,2_NL_4_ID,static,1
Null,1_NL_8_ID,?,1
{,1_NL_4_ID,abstract,1
{,1_NL_4_ID,default,3
",",1_NL_30_ID,Identifier,3
),1_NL_30_DD,{,1
String,1_NL_8_DD,),1
},2_NL,enum,3
Identifier,1_NL_8_ID,+,9
;,2_NL_22_DD,Identifier,1
;,1_NL_25_DD,},1
},1_NL_12_DD,Comment,1
Comment,1_NL_12_ID,Comment,1
Comment,1_NL,else,1
),0_SP,Comment,1
Comment,1_NL_8_ID,else,1
public,1_SP,default,1
Comment,2_NL,if,8
;,1_NL_8_DD,final,1
),1_NL,void,2
private,1_SP,Comment,1
Comment,1_SP,Identifier,4
==,1_SP,boolean,2
;,1_NL,(,4
boolean,0_SP,),2
;,1_NL,byte,59
new,1_SP,byte,99
Comment,1_NL_12_ID,return,1
Comment,1_NL,try,34
{,1_NL_4_ID,enum,1
;,1_NL_12_DD,if,1
<,1_SP,HexInteger,4
HexInteger,1_SP,||,2
>,1_SP,HexInteger,2
HexInteger,0_SP,),198
+,1_NL,Identifier,1
",",1_NL_8_DD,},6
},2_NL,while,4
?,1_SP,-,1
else,1_SP,Identifier,9
(,0_SP,-,78
{,2_NL_4_ID,void,9
),1_NL_4_ID,Comment,3
),1_NL_8_ID,?,2
:,1_NL,if,2
break,1_SP,Identifier,5
},1_NL_4_DD,Identifier,1
Comment,3_NL_8_ID,Identifier,1
;,2_NL,byte,22
",",1_NL_24_ID,boolean,1
",",1_NL_34_ID,boolean,1
",",1_NL_8_ID,DecimalInteger,1
Null,1_NL_8_ID,||,1
],1_SP,instanceof,7
||,1_NL,String,3
;,2_NL,abstract,6
Identifier,1_NL,+,34
},3_NL,Annotation,34
;,1_NL_8_DD,for,1
;,2_NL_4_DD,boolean,3
",",2_NL_24_DD,Identifier,1
),1_NL_32_DD,),1
Comment,2_NL_4_ID,int,1
(,0_SP,Comment,1
Comment,1_NL_8_ID,new,1
),1_NL_4_DD,),96
class,1_NL_4_DD,},2
Boolean,1_NL_4_DD,),25
;,2_NL_6_DD,},1
Identifier,1_SP,class,1
Comment,1_NL,(,1
{,1_NL_2_ID,continue,17
;,3_NL,static,1
class,1_SP,},1
=,1_NL_4_ID,String,2
Comment,1_NL_6_DD,},9
;,2_NL_5_DD,Identifier,1
String,1_NL_5_ID,+,1
{,2_NL_2_ID,public,5
{,2_NL_2_ID,Annotation,19
String,1_NL_4_DD,),4
},2_NL_2_DD,},11
;,1_NL,class,4
Identifier,1_SP,...,1
{,1_NL_1_DD,try,1
{,1_NL_1_ID,Identifier,1
{,2_NL_2_ID,private,21
{,1_NL_2_DD,for,7
{,1_NL,case,1
:,1_NL_2_ID,if,5
;,2_NL_2_DD,case,15
;,2_NL_2_DD,default,4
Null,1_NL_4_ID,?,34
Null,1_NL_4_ID,&&,6
;,1_NL_8_DD,int,2
{,1_NL_1_ID,continue,1
;,1_NL_1_DD,},2
},1_NL,switch,3
},1_NL_2_DD,Comment,1
Identifier,1_NL_4_ID,&&,17
;,2_NL_2_DD,},2
Identifier,1_NL,class,3
Identifier,1_NL,enum,1
Identifier,1_NL,interface,1
class,1_NL_4_DD,),539
String,12_SP,Comment,1
Comment,1_NL,+,10
String,1_SP,Comment,2
String,7_SP,Comment,2
String,3_SP,Comment,2
String,13_SP,Comment,1
String,2_SP,Comment,1
String,5_SP,Comment,1
;,2_NL_4_DD,public,23
{,1_NL_2_ID,class,1
=,1_NL_4_ID,(,22
),1_SP,&,44
&,1_SP,Identifier,55
DecimalInteger,1_SP,<<,21
<<,1_SP,DecimalInteger,38
Identifier,1_SP,&,132
&,1_SP,~,6
~,0_SP,Identifier,5
Identifier,1_SP,final,3
),1_SP,Annotation,1
Comment,1_NL,enum,1
(,1_NL_6_ID,Identifier,1
;,1_NL_6_DD,if,1
abstract,1_SP,<,2
{,1_NL_2_DD,if,42
Identifier,1_NL_4_ID,=,13
),1_NL_4_ID,+,11
",",1_NL_4_ID,Boolean,3
{,1_NL_2_ID,synchronized,42
Comment,1_NL,synchronized,11
),1_SP,break,9
},2_NL,synchronized,27
;,0_SP,),5
=,1_NL_4_ID,!,1
Identifier,1_NL_4_ID,.,66
),1_NL_4_DD,||,1
:,1_NL_2_ID,Comment,16
;,1_NL_4_DD,boolean,3
Identifier,1_NL_4_ID,||,3
},1_NL_1_DD,if,1
),1_NL,throws,6
",",1_NL_4_DD,String,1
%,1_SP,DecimalInteger,6
DecimalInteger,1_SP,!=,5
static,1_SP,{,70
{,2_NL_22_DD,this,1
volatile,1_SP,Identifier,80
volatile,1_SP,double,4
=,1_SP,DecimalFloatingPoint,9
DecimalFloatingPoint,0_SP,;,14
",",1_NL,double,10
{,2_NL,this,15
",",1_NL,-,408
volatile,1_SP,long,15
{,2_NL,Identifier,95
Identifier,1_NL_4_DD,),283
{,2_NL,return,10
",",1_NL_64_ID,Identifier,1
{,2_NL_60_DD,Identifier,1
{,2_NL_57_DD,Identifier,1
},2_NL,long,21
/,1_SP,Identifier,22
;,2_NL,assert,8
assert,1_SP,(,34
),1_SP,%,8
?,1_NL_4_ID,Identifier,42
:,1_NL,Identifier,16
;,2_NL_37_DD,Comment,1
",",1_NL_48_ID,Identifier,3
{,2_NL_44_DD,if,1
",",1_NL_47_ID,Identifier,3
{,2_NL_43_DD,return,1
",",1_NL_54_ID,Identifier,1
{,2_NL_50_DD,Identifier,1
",",1_NL_51_ID,Identifier,2
;,3_NL_51_DD,Comment,1
;,3_NL,Identifier,105
;,3_NL_4_DD,},89
{,2_NL,super,92
&&,1_NL_4_ID,Identifier,24
{,2_NL,int,4
;,2_NL,long,29
{,3_NL,},64
{,3_NL_4_ID,Identifier,26
",",1_NL,DecimalInteger,87
",",1_NL_38_ID,Identifier,5
{,2_NL_34_DD,boolean,1
boolean,0_SP,[,5
",",1_NL_50_ID,Identifier,1
{,2_NL_46_DD,try,1
Comment,2_NL,assert,3
DecimalFloatingPoint,0_SP,",",27
->,1_NL_4_ID,Identifier,16
),1_NL_12_DD,),4
),1_SP,|,26
|,1_NL_4_ID,Identifier,1
|,1_NL,Identifier,1
",",1_NL,Boolean,64
},1_NL_4_DD,),4
DecimalFloatingPoint,1_SP,/,2
(,1_NL_4_ID,double,1
{,1_NL_4_ID,double,3
;,2_NL_4_DD,long,8
*,1_SP,DecimalFloatingPoint,5
->,1_NL_4_ID,!,1
;,2_NL,synchronized,17
Null,1_NL_4_DD,),10
",",1_NL_23_ID,long,1
",",1_NL,long,11
{,2_NL_19_DD,if,1
",",1_NL_33_ID,Identifier,5
{,2_NL_29_DD,Identifier,3
;,3_NL_4_DD,Identifier,1
},3_NL,default,2
default,1_SP,int,12
&&,1_NL,(,2
||,1_NL_4_ID,Identifier,17
?,1_NL_4_ID,(,4
{,2_NL,Comment,2
protected,1_SP,volatile,17
volatile,1_SP,byte,2
Comment,2_NL,char,2
Comment,2_NL,long,3
{,2_NL_30_DD,Identifier,3
{,2_NL,throw,7
|,1_SP,HexInteger,4
~,0_SP,HexInteger,1
&,1_SP,HexInteger,122
==,1_SP,HexInteger,42
{,2_NL_29_DD,this,1
{,2_NL,if,3
},2_NL,byte,4
],1_SP,&,12
),1_SP,<<,7
|,1_NL_4_ID,(,1
|,1_NL,(,2
;,2_NL_4_DD,byte,7
),1_NL_4_DD,},6
;,1_NL_8_DD,case,3
;,2_NL_8_DD,default,3
synchronized,1_SP,boolean,20
{,2_NL_4_ID,default,14
volatile,1_SP,int,4
",",1_SP,DecimalFloatingPoint,21
-,0_SP,DecimalFloatingPoint,1
",",1_NL_41_ID,Identifier,6
{,2_NL_37_DD,Identifier,4
->,1_NL_4_ID,new,5
;,2_NL_12_DD,Identifier,1
),1_NL_12_DD,.,1
;,2_NL_8_DD,try,1
&&,1_NL_4_ID,(,5
>,1_NL_4_ID,Identifier,4
{,2_NL_11_DD,this,3
:,1_NL,default,3
||,1_NL_4_ID,(,4
{,2_NL_15_DD,this,1
?,1_NL_4_ID,new,2
:,1_NL,new,7
:,1_SP,{,16
},2_NL,case,1
",",1_NL_49_ID,Identifier,6
{,2_NL_45_DD,return,2
{,2_NL_45_DD,Identifier,2
",",1_NL_57_ID,Identifier,2
{,2_NL_53_DD,if,1
Comment,1_NL,.,35
||,1_NL,(,3
),2_NL_4_DD,Comment,2
),2_NL,Comment,2
(,1_NL_4_ID,this,3
;,3_NL,for,2
&&,1_NL_4_ID,!,4
{,1_NL,Identifier,2
",",1_NL,DecimalFloatingPoint,4
{,1_NL,throw,3
;,2_NL,double,5
Comment,2_NL,for,3
],1_NL_4_DD,),11
{,2_NL_4_ID,super,1
Comment,2_NL,new,1
",",1_NL_24_ID,Annotation,2
{,2_NL_20_DD,this,2
",",1_NL_19_ID,Annotation,4
{,2_NL_15_DD,super,4
(,1_NL_4_ID,Boolean,1
",",2_NL,Annotation,3
",",2_NL_4_DD,Annotation,3
{,2_NL_4_DD,Identifier,3
{,0_SP,Null,1
Null,0_SP,},1
{,2_NL_34_DD,Identifier,3
{,2_NL_25_DD,this,2
;,2_NL_26_DD,Comment,1
Comment,1_NL,double,5
{,2_NL_13_DD,Identifier,2
{,0_SP,DecimalInteger,62
DecimalInteger,0_SP,},79
",",5_SP,Comment,1
Comment,1_NL,Null,2
",",7_SP,Comment,1
",",3_SP,Comment,3
Comment,1_NL,Boolean,1
Boolean,8_SP,Comment,1
Comment,1_NL_4_DD,),5
",",1_NL_18_ID,Identifier,1
;,2_NL_18_DD,Identifier,1
instanceof,1_SP,int,5
{,1_NL_4_ID,String,5
String,1_NL_4_DD,},5
",",1_NL_4_DD,},7
",",1_SP,{,16
",",1_NL_69_ID,Identifier,2
{,2_NL_65_DD,Identifier,1
{,2_NL_21_DD,Identifier,3
{,2_NL_22_DD,Identifier,4
",",1_NL_44_ID,Identifier,1
{,2_NL_40_DD,return,1
",",1_NL_58_ID,Identifier,2
{,2_NL_54_DD,return,1
{,2_NL_44_DD,return,1
{,2_NL_52_DD,return,1
",",1_NL_72_ID,Identifier,1
{,2_NL_68_DD,return,2
",",1_NL_72_ID,double,1
",",1_NL_78_ID,boolean,1
{,2_NL_74_DD,return,1
",",1_NL_70_ID,Identifier,2
{,2_NL_66_DD,return,2
",",1_NL_76_ID,Identifier,1
{,2_NL_72_DD,return,1
{,2_NL_58_DD,return,1
(,0_SP,HexInteger,59
{,1_NL_4_ID,short,2
{,2_NL_33_DD,this,1
Identifier,1_SP,<<,11
|,1_SP,(,9
;,3_NL,if,1
&,1_SP,DecimalInteger,5
",",1_NL_53_ID,Identifier,4
{,2_NL_49_DD,Identifier,2
",",1_NL_55_ID,Identifier,2
{,2_NL_51_DD,Identifier,1
",",1_NL_27_ID,Identifier,4
{,2_NL_23_DD,int,2
",",2_NL_4_DD,Identifier,26
{,2_NL_4_ID,long,1
;,2_NL_49_DD,Comment,2
;,2_NL_51_DD,},1
{,2_NL,(,1
},2_NL,super,5
{,2_NL_13_DD,this,2
+,1_NL_4_ID,String,5
",",1_NL_4_ID,(,5
static,1_SP,volatile,4
synchronized,1_SP,int,17
",",1_NL_32_ID,Annotation,1
{,2_NL_28_DD,Identifier,2
;,2_NL_41_DD,Comment,1
|=,1_SP,HexInteger,13
HexInteger,1_SP,|,5
DecimalInteger,1_SP,|,2
|,1_SP,DecimalInteger,1
Identifier,1_SP,^=,9
^=,1_SP,DecimalInteger,2
;,2_NL,break,2
^=,1_SP,HexInteger,7
",",1_NL_65_ID,Identifier,4
;,2_NL_65_DD,Comment,2
",",1_NL_65_ID,double,1
",",1_NL_71_ID,boolean,1
;,2_NL_71_DD,Comment,1
",",1_NL_63_ID,Identifier,2
;,2_NL_63_DD,Comment,2
{,2_NL_61_DD,Identifier,3
implements,1_NL_4_ID,Identifier,1
{,2_NL,private,1
(,1_NL_4_ID,DecimalInteger,6
{,2_NL_37_DD,if,1
{,2_NL_31_DD,this,1
{,2_NL_4_ID,int,1
String,1_SP,<<,12
|,1_SP,String,6
-,1_NL_4_ID,(,1
%,1_NL_4_ID,Identifier,1
;,2_NL_12_DD,int,1
+,1_NL_4_ID,Identifier,1
;,2_NL_4_DD,assert,1
+,1_NL_4_ID,(,2
{,2_NL_4_ID,return,1
{,1_NL_21_DD,super,2
",",1_NL_25_ID,int,1
{,2_NL_21_DD,this,1
Identifier,1_SP,*=,1
*=,1_SP,Identifier,1
",",1_NL_26_ID,byte,1
{,2_NL_30_DD,this,1
;,2_NL,(,1
",",1_NL_43_ID,Identifier,3
{,2_NL_39_DD,byte,1
Comment,1_NL,byte,3
{,2_NL_23_DD,this,1
Identifier,1_SP,long,10
",",1_NL_26_ID,Annotation,1
",",1_SP,Comment,25
),2_SP,Comment,3
synchronized,1_SP,<,3
{,2_NL_19_DD,this,1
",",1_NL_46_ID,Identifier,1
{,2_NL_42_DD,Identifier,1
:,1_NL_4_DD,Identifier,2
;,2_NL_8_DD,byte,1
",",1_NL_20_ID,Annotation,3
{,2_NL_16_DD,Identifier,2
),6_SP,Comment,3
DecimalFloatingPoint,1_NL_4_DD,),1
Identifier,1_SP,byte,2
",",1_NL_20_ID,Identifier,3
",",1_NL_21_ID,Annotation,2
{,2_NL_17_DD,super,2
{,2_NL_16_DD,this,2
},2_NL,this,20
DecimalInteger,1_SP,>,4
private,1_SP,synchronized,4
{,2_NL_23_DD,if,1
{,2_NL_27_DD,Identifier,1
",",1_NL_22_ID,int,1
{,2_NL_18_DD,this,2
",",1_NL,byte,1
{,2_NL_30_DD,int,1
{,2_NL_26_DD,switch,1
",",1_NL_39_ID,Identifier,1
{,2_NL_35_DD,Identifier,1
{,2_NL_39_DD,Identifier,2
",",1_NL_45_ID,Identifier,1
{,2_NL_41_DD,Identifier,1
{,2_NL_44_DD,Identifier,1
{,2_NL_43_DD,Identifier,1
",",1_NL_42_ID,Identifier,2
{,2_NL_38_DD,Identifier,1
],1_SP,>,2
",",1_NL_22_ID,long,1
",",1_NL_32_ID,Identifier,1
{,2_NL,try,1
instanceof,1_SP,boolean,1
instanceof,1_SP,short,1
instanceof,1_SP,long,1
instanceof,1_SP,float,1
instanceof,1_SP,double,1
{,2_NL_19_DD,super,1
{,2_NL_22_DD,super,1
{,2_NL_24_DD,super,1
{,2_NL_27_DD,super,1
",",1_NL_10_ID,Identifier,1
;,2_NL_10_DD,Comment,1
{,2_NL_16_DD,super,2
<,1_SP,DecimalFloatingPoint,1
byte,0_SP,),36
),1_SP,HexInteger,11
short,0_SP,),6
),1_SP,DecimalInteger,13
{,0_SP,HexInteger,3
HexInteger,0_SP,",",272
",",1_SP,HexInteger,244
HexInteger,0_SP,},4
",",2_NL,{,4
Boolean,0_SP,},1
DecimalFloatingPoint,0_SP,},2
;,3_NL_4_DD,try,1
{,1_NL_34_DD,try,1
;,2_NL_8_DD,case,6
",",1_NL_52_ID,Identifier,1
{,1_NL_48_DD,switch,1
{,1_NL_47_DD,switch,1
",",1_NL_36_ID,Identifier,1
{,2_NL_32_DD,boolean,1
",",2_NL_4_DD,Comment,1
return,1_SP,DecimalFloatingPoint,1
new,1_NL_4_DD,),158
-=,1_SP,DecimalInteger,10
protected,1_SP,synchronized,4
;,2_NL_62_DD,},1
;,2_NL_62_DD,Comment,1
;,2_NL_57_DD,Comment,1
;,3_NL,interface,1
},2_NL_38_DD,Comment,1
},2_NL_33_DD,Comment,1
;,2_NL_69_DD,Comment,1
;,2_NL_59_DD,},1
{,2_NL_4_ID,static,2
{,2_NL_38_DD,int,1
(,1_NL_4_ID,boolean,3
;,2_NL_53_DD,Comment,3
",",1_NL_53_ID,double,2
{,2_NL_33_DD,assert,1
;,2_NL_4_DD,super,1
},2_NL,char,1
),9_SP,Comment,2
),8_SP,Comment,3
),7_SP,Comment,1
),5_SP,Comment,2
{,2_NL_24_DD,this,1
{,2_NL_49_DD,return,1
",",1_NL_38_ID,int,1
;,1_NL,super,18
{,1_NL_2_ID,long,42
},2_NL,class,6
;,1_SP,),25
},1_NL,byte,3
",",1_NL_4_ID,final,4
Comment,1_NL,String,6
DecimalInteger,1_NL_4_ID,?,2
{,1_NL_4_DD,},4
",",2_SP,Identifier,2
{,1_NL_2_ID,new,42
String,1_NL,&&,2
<=,1_SP,(,1
DecimalInteger,1_NL,:,1
==,1_SP,!,1
Identifier,1_NL,&&,6
Comment,1_NL_2_ID,throw,1
Comment,1_NL_2_ID,int,3
Comment,1_NL_2_ID,Identifier,18
{,2_SP,Comment,2
DecimalInteger,1_NL_4_ID,||,2
Comment,1_NL_2_ID,if,4
<<,1_SP,Identifier,12
Comment,1_NL,while,6
Identifier,1_SP,>>>=,1
>>>=,1_SP,DecimalInteger,1
{,1_NL_2_ID,byte,20
;,2_NL_2_ID,Comment,1
Comment,2_NL_2_DD,final,1
",",1_NL_4_ID,int,25
",",1_NL_4_ID,new,11
Null,1_NL_4_ID,||,2
synchronized,1_SP,long,3
new,1_SP,boolean,1
new,1_SP,long,1
Identifier,1_NL_2_DD,},4
?,1_SP,this,2
this,1_NL,:,1
;,2_NL,enum,2
{,2_NL_2_DD,Comment,2
{,1_NL_2_DD,final,3
Comment,1_NL,interface,1
;,1_SP,(,5
",",1_NL_4_ID,DecimalInteger,3
},2_NL,interface,3
throws,1_NL_4_ID,Identifier,1
private,1_SP,transient,1
{,1_NL_2_ID,(,5
this,1_NL_4_ID,+,1
(,1_NL_4_ID,Null,3
;,2_NL_4_DD,while,1
},1_NL,long,10
Comment,1_NL,do,1
do,1_SP,{,3
},1_SP,while,3
;,2_NL,short,1
},2_NL,short,1
{,1_NL_2_ID,short,1
:,1_SP,Comment,9
Comment,1_NL_2_ID,break,2
Comment,1_NL_2_DD,default,1
:,1_NL_2_ID,break,1
},1_NL,short,1
;,1_NL,short,1
DecimalInteger,1_NL_4_ID,|,1
DecimalInteger,1_NL,|,1
;,2_NL_4_DD,void,1
",",1_NL_4_ID,long,4
Comment,1_NL,char,2
(,0_SP,;,13
;,1_SP,!,1
Comment,1_NL_4_DD,Identifier,4
{,1_NL_2_DD,try,4
=,1_SP,BinaryInteger,8
BinaryInteger,0_SP,;,8
++,0_SP,",",2
],1_SP,^,1
abstract,1_SP,long,1
(,1_NL_4_ID,final,2
[,0_SP,HexInteger,2
HexInteger,0_SP,],4
],1_NL_4_ID,=,1
Comment,1_NL_2_ID,case,1
:,1_NL,synchronized,1
==,1_SP,(,2
;,2_NL_4_DD,synchronized,1
Identifier,1_SP,Comment,4
},1_NL,synchronized,3
{,1_NL_2_DD,synchronized,1
DecimalInteger,1_SP,<,4
Comment,1_NL_2_DD,case,2
String,1_NL,:,2
:,1_NL_2_ID,continue,2
DecimalInteger,1_NL,||,3
{,1_NL_2_DD,break,1
Comment,2_NL_2_DD,default,1
;,1_NL_4_DD,long,5
Boolean,1_SP,Comment,5
{,2_NL_2_ID,if,1
DecimalInteger,1_SP,>=,2
],1_SP,>=,1
],1_SP,<=,1
Comment,1_NL_2_ID,return,1
{,2_NL_2_ID,int,1
return,1_SP,HexInteger,3
!=,1_SP,HexInteger,1
Comment,1_NL_2_ID,Comment,1
{,1_NL_4_ID,HexInteger,1
",",1_NL,HexInteger,24
HexInteger,1_NL_4_DD,},1
{,1_NL_4_ID,DecimalInteger,1
DecimalInteger,1_NL_4_DD,},1
Identifier,1_SP,<<=,2
<<=,1_SP,Identifier,1
<<=,1_SP,(,1
|=,1_SP,(,2
HexInteger,1_SP,>,1
>,1_SP,(,1
<<,1_SP,(,1
),1_SP,String,1
DecimalFloatingPoint,1_SP,Comment,4
Comment,1_NL,super,2
this,1_SP,?,1
|=,1_SP,DecimalInteger,1
{,1_NL_2_DD,while,1
Identifier,1_NL_4_ID,>=,2
Null,1_SP,Comment,1
>,1_SP,-,1
),1_NL,int,4
Identifier,1_NL,boolean,3
{,1_NL_2_ID,double,2
{,0_SP,(,2
++,0_SP,},1
&&,1_SP,boolean,1
class,1_SP,==,3
&&,1_SP,void,1
void,0_SP,.,1
;,5_SP,Comment,2
Comment,1_NL,||,4
;,3_SP,Comment,1
),4_SP,Comment,1
DecimalInteger,1_NL,&&,2
Comment,0_SP,;,1
:,1_NL_2_ID,int,1
Comment,0_SP,",",4
-=,1_SP,(,1
>=,1_SP,this,1
>,1_SP,this,1
Null,1_NL,&&,2
=,1_NL_4_ID,{,1
;,1_NL_4_DD,static,1
(,1_NL,Identifier,2
",",1_NL_2_DD,},1
:,1_NL,while,1
;,1_NL_4_DD,switch,1
case,1_SP,-,1
;,2_NL,char,1
String,1_NL,||,2
{,1_NL_2_DD,continue,1
:,1_NL_2_ID,while,1
HexInteger,1_NL_4_ID,||,2
HexInteger,1_NL,||,2
HexInteger,1_SP,&&,2
Identifier,1_NL,||,2
Comment,1_NL,;,1
Comment,2_NL,this,1
),1_NL_4_DD,public,1
HexInteger,1_SP,Comment,1
},1_NL,new,1
),1_SP,public,5
float,0_SP,),23
final,1_SP,float,5
",",1_NL,float,1
private,1_SP,float,4
Identifier,1_SP,int,17
Identifier,1_SP,void,12
DecimalInteger,1_NL_4_ID,&&,1
",",1_NL_21_ID,int,1
{,1_NL_19_DD,Comment,1
:,1_NL_2_ID,Annotation,1
),1_SP,static,2
;,1_NL,volatile,1
Comment,1_NL_4_ID,.,4
{,1_NL_2_DD,long,2
:,1_NL_2_ID,switch,1
:,2_SP,Comment,1
Comment,1_NL,case,3
>,1_NL_4_ID,implements,1
<=,1_SP,this,1
;,2_NL,float,1
DecimalFloatingPoint,1_SP,-,2
Identifier,2_SP,=,2
-,0_SP,(,1
{,1_NL_3_ID,Comment,1
;,1_NL_3_DD,},1
Comment,1_NL,float,3
;,1_NL_4_DD,float,5
Comment,1_NL_4_ID,&&,1
},2_NL_1_DD,static,1
),2_SP,{,1
{,1_NL_3_ID,int,1
},1_NL,default,1
{,1_NL_2_ID,float,1
>=,1_SP,DecimalFloatingPoint,1
[,0_SP,new,2
Comment,1_NL_4_DD,.,1
",",1_NL_8_ID,this,4
;,1_NL_8_DD,this,8
;,2_NL_8_DD,int,2
Comment,1_NL_50_ID,Comment,2
Comment,1_NL_50_DD,Identifier,1
Comment,2_NL,class,1
{,1_NL_4_DD,Identifier,3
Comment,1_NL_50_DD,private,1
;,2_NL_8_DD,final,1
",",1_NL_8_ID,boolean,1
{,1_NL_4_DD,this,2
String,0_SP,+,14
+,0_SP,Identifier,19
),0_SP,+,8
+,0_SP,String,13
+,1_NL_8_ID,super,1
Identifier,0_SP,+,13
+,0_SP,this,3
Identifier,0_SP,-,2
},2_NL_4_DD,case,1
.,0_SP,*,5
*,0_SP,;,5
;,2_NL_8_DD,this,2
),0_SP,{,2
",",0_SP,String,1
{,1_NL_26_DD,super,1
{,1_NL_20_DD,this,1
(,1_NL_8_ID,this,1
),0_SP,-,1
{,2_NL_4_ID,boolean,1
",",1_NL_8_ID,int,1
",",1_NL,this,2
",",1_NL_8_ID,Boolean,1
:,1_NL_4_ID,this,1
",",0_SP,DecimalInteger,33
",",0_SP,OctalInteger,3
OctalInteger,0_SP,",",1
OctalInteger,0_SP,),2
},4_NL,return,1
?,1_SP,Boolean,1
Boolean,1_SP,:,1
",",0_SP,Identifier,3
},3_NL,if,1
